{"classifiers": ["Development Status :: 5 - Production/Stable", "Intended Audience :: Developers", "License :: OSI Approved :: Apache Software License", "Operating System :: POSIX", "Operating System :: Microsoft :: Windows", "Operating System :: MacOS :: MacOS X", "Topic :: Software Development :: Testing", "Topic :: Software Development :: Libraries", "Programming Language :: Python", "Programming Language :: Python :: 2.6", "Programming Language :: Python :: 2.7", "Programming Language :: Python :: 3.2", "Programming Language :: Python :: 3.3", "Programming Language :: Python :: 3.4"], "extensions": {"python.details": {"document_names": {"description": "DESCRIPTION.rst"}, "project_urls": {"Home": "https://github.com/SeleniumHQ/selenium/"}}}, "generator": "bdist_wheel (0.30.0)", "metadata_version": "2.0", "name": "selenium", "summary": "Python bindings for Selenium", "version": "2.53.0"}